title,text,type
try out our high-quality rides for less! ?,"Here’s 10% OFF your next 10 Bolt rides

You can now try out our high-quality rides for an even better price! ?? And we don’t use the words high-quality lightly. At Bolt, we train our drivers and measure their performance to ensure mutually positive experiences between passengers and drivers. If a driver's average rating drops below the threshold, they may be stopped from accepting additional rides.

 

How can you help out? Ratings help us keep the best drivers and provide you with a safe, high-quality service. So after every ride, please make sure to rate your trip. ?

OPEN THE APP",spam
New login to Instagram from Threads on Infinix X690B ,"We noticed a new login, alexxuzy
 
We noticed a login from a device you don't usually use.
 
 

 
Infinix X690B · Threads · Lagos, Nigeria
 
July 6 at 10:18 AM (PDT)
 
 
 
If this was you, you won’t be able to access certain security and account settings for a few days. You can still access these settings from a device you’ve logged in with in the past.
 
If this wasn’t you, you can secure your account from a device you’ve logged in with in the past. Learn more
 
 
   


© Instagram. Meta Platforms, Inc., 1601 Willow Road, Menlo Park, CA 94025
This message was sent to ezejosephfor2018@gmail.com and intended for alexxuzy. Not your account? Remove your email from this account. ",not spam
TV LISENCE ,"Dear Sir/ Madam

I have been receiving sms from the TV licence saying I am owing.
I don't remember registering for TV lisence and also I don't own a TV. Neither am I working.

Please fix the issue. I don't really know what is going on.

Yours sincerely
Shocky 
",not spam
Do you have $7 Walid?,"Hello Walid,

Do you have $7?

I ask because I'm about to do something STUPID.

The thing is, what I'm about to offer you isn't just amazing, it's totally CRAZY.

Here's the deal:

Pay $7 and I'll give you $177 back.

Seriously, as if that wasn't good enough value, the products you'll get have the potential to create you a $7000 a month income!

See exactly what you get for you $7 HERE.

Regards,

Charlie",spam
Combating scams in the Discogs Marketplace,"Discogs has recently detected an increase in scammers in the Marketplace, and we’re taking action to address the issue. New sellers on Discogs will undergo a waiting period to reduce fraud attempts.

We are committed to maintaining a safe and trustworthy marketplace for independent buyers and sellers. If you see suspicious activity, please report it immediately to Discogs Support through this form.

Learn more about how to recognize fraud in our guide to best practices for buying safely on Discogs:

Safe Buying Tips",spam
New jobs posted from Plan International,"You are receiving this email because you joined the Plan International Talent Community on 10/07/20. You will receive these messages every 2 day(s).

The following jobs matched your search criteria at Plan International and can be found at jobs.plan-international.org.

Your Agent/Keywords:
Volunteer
Click to edit",not spam
Come back and keep earning with Quick Pay Survey,"Quick Pay Survey®  
  
 
  
 
Hello Anggraeni ,

Remember, we can't hang onto inactive accounts forever! To keep the balance of $3.28 in your Quick Pay Survey® account, you need to visit your account. Logging in today will save your balance from being cleared.
 
Login Now
 
Thanks!
- The Quick Pay Survey® Team
  
 
  
You have received this email because you signed up to be a member of Quick Pay Survey® on January 16, 2023 from 103.144.18.94

We respect your privacy. If you would like to stop receiving messages from Quick Pay Survey®, please Unsubscribe. 
  
  
© 2009 - Present Quick Pay Survey® | Kvieciu g. 4 - 23, Vilnius LT-08438 
  
",not spam
Get ready for Test [Co-Deo],"Hello Sathya,

You have been invited to participate in a video discussion for Co-Deo community.
Below are the details of the event.

Discussion name: Test

Date and time: Jun 30 2023, 15:18 - Jun 30 2023, 19:18 (Atlantic/St_Helena)

Video Discussion Link: Join Meeting


We look forward to your participation in the discussion.

Thank you,

Co-Deo",not spam
AFE Model Casting Call ,"Model Casting Call
Thank you for taking the time to register for the Anambra Fashion Expo 2023 Model Call. We are thrilled to have received your information and are excited to review your submission.

Our team will be carefully reviewing all of the applications we receive over the
next few weeks

Have you followed us on our social media handles?

Remember, one of the prerequisites for qualification is to follow all our social
media accounts and share all our content using the hashtag #AFE2023

You can follow us on Facebook, Instagram, and Twitter.

Facebook: https://facebook.com/AnambraFashionExpo2023
Instagram: https://instagram.com/anambrafashionexpo
Twitter: https://twitter.com/anambrafashion

In the meantime, we encourage you to stay connected and keep an eye out for
updates about the event. We will be posting!

Note: Create your personalized profile picture (DP) for the Model Casting of the Anambra Fashion Expo 2023

You can create your DP using the following link: https://getdp.co/afe2023

Best Regards,

Anambra Fashion Expo 2023 Team ",not spam
"Walid, Get Paid to Listen to Music ","Hi Walid,

Do you listen to music on Spotify, YouTube, Amazon or Apple?

If you do - you qualify!

You could be making $50 for every song you stream...

All it takes is 3 steps...

Step 1: Create Your Account
Create your account here

Step 2: Pick Your Favourite Artist
Select from thousands of artists and vibe to the music

Step 3: Get Paid
That's it, for every song you stream...

=> Click here right now to start instantly

Regards,

Alex

---
?? Connect with us on Telegram: https://t.me/moneymakingcentral",spam
Sales executive ,"RE: Sales Executive

Dear Hiring Professional

I am contacting you to express my interest in the Sales Executive position. After reviewing the position requirements, I believe that my education and experience are a great match for this position.

I am an energetic and decisive negotiator with skills in goal-setting, sales and recommending products. I have a natural talent for building immediate rapport with people and cultivating productive connections. Likewise, I am fully capable of working with strong personalities and navigating through high-pressure situations.

For more details, please review my attached resume. I believe that I can be the Sales Executive you're looking for and welcome the opportunity to speak with you at your earliest convenience.

Sincerely, 
Zandi Tamane",not spam
Combating scams in the Discogs Marketplace,"ondiekijohn254,
Discogs has recently detected an increase in scammers in the Marketplace, and we’re taking action to address the issue. New sellers on Discogs will undergo a waiting period to reduce fraud attempts.

We are committed to maintaining a safe and trustworthy marketplace for independent buyers and sellers. If you see suspicious activity, please report it immediately to Discogs Support through this form.

Learn more about how to recognize fraud in our guide to best practices for buying safely on Discogs:

Safe Buying Tips

Sincerely,
Discogs",not spam
You applied to job post Translation_ISAAC_Acceptability_tr_TR-en_US,"Hello there!

You have started the application process for job post Acceptability - Translation Raters needed (Turkish-English) (job ID Translation_ISAAC_Acceptability_tr_TR-en_US ).

You can see the current status of your application on the My Jobs page on our user portal.

Please make sure that you complete all potential additional requirements (such as certifications) that are needed to complete the application process.

Good luck with your application, and all the best! :-)",not spam
Customer Service Officer + 19 new jobs - Job Alert from JobStreet.com,"Jobstreet.com

Hi ANGGRAENI, we've got new job recommendations for you.
Jobstreet.com
Customer Service Officer
PT Intisumber Hasil Sempurna Global
Multiple work locations
company logo
Sales Promotor / Merchandiser - Penempatan Surabaya / Bali
PT Niagamas Lestari Gemilang (Tools, Machinery and Industrial Equipment)
Multiple work locations
IDR 4,000,000 - 4,600,000 company logo
Customer Service (Branch Tarakan)
PT Bank JTrust Indonesia, Tbk
Tarakan
Supportive working environment
Competitive remuneration package
Career opportunities
company logo
FRONT OFFICE REPRESENTATIVE
Ungasan Medical Care
Badung
Customer Service
PT Bali Utama Cakrawala
Bali
Competitive Salary (Negotiable depend on qualifications)
Festive Allowance (THR)
Training & Development
company logo
Formalities Officer (Customer Service)
PT LPS Indonesia
Jakarta Raya
IDR 5,500,000 - 7,500,000
Good and friendly working environment
Passionate & Energetic Work Culture
Enjoy a fair work-life balance
company logo
KURIR
Eterli Acrylic
Lampung
company logo
Customer Service Officer
oma elly kitchen
Jakarta Raya
IDR 4,600,000 - 5,750,000
Career development in Prestigeous Company which is Oma Elly
---
---
company logo
Customer Service - Operations (Jogja, Contract-based)
Shopee Internasional Indonesia
Yogyakarta
company logo
Customer Service
Sinar Mas Land
Jakarta Raya
company logo
Sales Office Administration (Manado)
PT Asuransi Jiwa Sinarmas MSIG Tbk.
Manado
company logo
Penjahit
Balqis Humaira
Surabaya
ADMIN PENJUALAN DAN PERPAJAKAN
PT Berkat Energi Sinar Timur
Surabaya
Customer Service
PT Bank Ina Perdana Tbk
Jakarta Raya
company logo
ADMIN
AYURA CLINIC
Jawa Timur
Front office Leader
Hotel Quirin
Semarang
company logo
Admin Sales
PT Conbloc Indonesia Persada
Surabaya
company logo
CUSTOMER SERVICE
Ti-e-nette Dressing Room
Yogyakarta
company logo
FRONTLINER
JAYA UTAMA CELLULAR
Madiun
Customer service
Cengkareng Rezeki Abadi
Banten
IDR 4,000,000 - 4,500,000 company logo
View more jobs
Edit this alert    Unsubscribe    Help
Connect with JobStreet

  

 
Privacy Statement   Terms and Conditions
This email was sent to you as a registered user of www.jobstreet.com


Copyright © 1998-2023, JobStreet. All rights reserved.
",not spam
Changes to our Terms and Conditions and Privacy Notice,"Changes to our Terms and Conditions and Privacy Notice
Today we updated TIDAL’s Terms and Conditions of Use (“Terms”) to provide information about some of our new product features. In particular, we added the most up-to-date information about Live (Section 5), including relevant limitations. In addition, we removed language related to our Direct Artist Payouts program, which is being discontinued. See here for more information about that.
In addition, we want to give you advance notice of some additional, upcoming changes to our Terms that will go into effect on April 22, 2023:
• We are updating language related to how TIDAL and you may resolve disputes, including procedures related to how you may opt-out of binding arbitration;
• We are clarifying our rights with respect to information or feedback you provide to us about our products, including via our Early Access Program;
• We are adding clearer language about restrictions on access to our service in countries where we do not formally operate.
You can see the Terms and Conditions that will go into effect on April 22 here. By continuing to use TIDAL after April 22, you agree to the updated Terms.
We also updated TIDAL’s Privacy Notice to reflect how we process your personal information if you use our new product features. For example, you can now upload a profile picture, which will be part of your public profile and publicly visible on TIDAL (Section 6.1). If you use our Live feature, some of your data will be visible to other TIDAL users and audiences outside of TIDAL (Section 6.3).
0",not spam
English,RTD to iiiiiiuiiiiiiiiiiiii,spam
APPLICATION PROCESS ,"GOOD DAY SIR/MADAM 

 In 2020 I applied to the institution but I didn't know I was accepted for the 2021 Arcademic Year. As I was trying to apply for this year for the past few months but with no success, I noticed that I owe the institution R3280. I kindly please ask for your assistance as I wish to enroll in this Institution for this Academic year 2022.

YOURS SINCERELY 
RESHOKETSWE SEKHUKHUNE",not spam
Thank you for creating a Netflix account! ,"Netflix
Learn more about your new account
Hey there,
We’re excited to have you! Below, you’ll find all the information you requested about Netflix. Plans start at ?1,200/month.
Continue
Still have a few questions about how Netflix works?

Unlimited Entertainment.
Watch all you want for one low price.

Cancel anytime.
No contracts or commitments.

Recommendations just for you.
Always find the right TV show or movie based on what you like.
We're here to help if you need it. Visit the Help Center for more info or contact us.
The Netflix team
We're sending this email because you requested information about Netflix. This is a one-time email.",not spam
Are you a luxury traveller or know someone who is??,"View in browser

Are you a luxury traveller or know someone who is?
We have a task for you on our platform. Don't miss out on your last chance to complete this task!

 $10
 12.July.23
 10 mins
You may interview a friend/contact from the US, France, South Korea, UAE and Japan who is a luxury traveller with a salary higher than $150,000 or the equivalent, or you may cold call luxury travel companies and interview their affluent customers. 

Think you're a good match?
Complete the survey today!

Go to task 
?
Available on


Great


based on 342 reviews






Copyright © 2023 GrapeData. All rights reserved.

Privacy Policy | Terms of use | Contact

Want to change how you receive these emails?

Unsubscribe from this list 

GrapeData Limited (“GrapeData”) is incorporated in England and Wales under company number 11187265. GrapeData’s registered address is 1 Waterhouse Square, London, EC1N 2ST




",not spam
?? the secrets to SUCCESS,"Hi James,

Have you claim your complimentary gift yet?

I've compiled in here a special astrology gift that predicts everything about you in the future?

This is your enabler to take the correct actions now.

>> Click here to claim your copy now >>

Claim yours now, and thank me later.


Love,
Heather",spam
AFE Model Casting Call ,"Model Casting Call
Thank you for taking the time to register for the Anambra Fashion Expo 2023 Model Call. We are thrilled to have received your information and are excited to review your submission.

Our team will be carefully reviewing all of the applications we receive over the
next few weeks

Have you followed us on our social media handles?

Remember, one of the prerequisites for qualification is to follow all our social
media accounts and share all our content using the hashtag #AFE2023

You can follow us on Facebook, Instagram, and Twitter.

Facebook: https://facebook.com/AnambraFashionExpo2023
Instagram: https://instagram.com/anambrafashionexpo
Twitter: https://twitter.com/anambrafashion

In the meantime, we encourage you to stay connected and keep an eye out for
updates about the event. We will be posting!

Note: Create your personalized profile picture (DP) for the Model Casting of the Anambra Fashion Expo 2023

You can create your DP using the following link: https://getdp.co/afe2023

Best Regards,

Anambra Fashion Expo 2023 Team ",not spam
Microsoft Outlook Test Message,This is an email message sent automatically by Microsoft Outlook while testing the settings for your account.,not spam
[The Virtual Reward Center] Re: ** Clarifications,"Hello,
 
Thank you for contacting the Virtual Reward Center. We here at the Virtual Reward Center do not dictate what Rewards get sent out to recipients. Please contact your program sponsor, (the company from which you originally received your Reward) at helpdesk@cspace.com for this inquiry.
 
We apologize for any inconvenience.
 
 
Thank You,

The Virtual Reward Center
Customer Support Team Lead",not spam
Live has arrived on TIDAL ??,"Where Live Happens ??
The Live party is just getting started. Get HiFi or HiFi Plus to join your fave DJs, celebs, music fans, and our TIDAL music experts on Live.",spam
Celebrate 15 years of the Bible App!,"How has God used the Bible App to impact your life? Maybe it’s a Verse of the Day that spoke to you in a difficult season, or a prayer that you read at just the right time.

The Bible App has become the world’s most widely used and trusted digital Bible reading tool.

Today, we’re celebrating the Bible App’s 15-year anniversary!
What started as an idea in an airport security line has become a global movement that’s reaching people everywhere—including you.

Celebrate what God is doing through His Word by reflecting on this special Daily Refresh.",not spam
Your Steam account: Access from new web or mobile device,"Dear vladis163rus,
Here is the Steam Guard code you need to login to account vladis163rus:

6VCC5
This email was generated because of a login attempt from a web or mobile device located at 178.69.155.179 (RU). The login attempt included your correct account name and password.

The Steam Guard code is required to complete the login. No one can access your account without also accessing this email.

If you are not attempting to login then please change your Steam password and consider changing your email password as well to ensure your account security.

If you are unable to access your account then you may choose to lock your account. Once locked you must request Steam Support's assistance in recovering and unlocking it. Until the account is unlocked you will be restricted from accessing many of Steam's features including online gameplay in VAC enabled games.

The Steam Support Team
https://help.steampowered.com/
VALVE © Valve Corporation. All rights reserved. All trademarks are property of their respective owners in the US and other countries.
",not spam
"Job Opportunities that pay ?600,000+ and up in Nigeria","To cushion the effect of subsidy removal and general increase in prices of goods and services, Nigerians have now been approved to work and earn in US Dollars, whatever you earn is paid directly to your account.

Our partners earn as much as $3500-$5000 monthly and even more. The current exchange rate is about 850, $4000 is over ?3 Million naira.

Click here to start

Requirements:
A smartphone/laptop
Fast internet connection
Simple guide from account managers
No training fee required
The Opportunity

Our client a major player in the premium domain business is giving opportunities to anyone interested in working independently. The goal is to help our clients earn strictly in US Dollars, you simply participate in the premium domain business and have your earnings sent in Dollars.",spam
Get the Competitive Edge: ?? Project-Winning Strategies Revealed,"Hi Taiwo

We're just over halfway through the year and we thought we'd check in on how things are going for you.

Have you been successful in winning projects and earning more compared to last year? Or are you still working towards that first big win?

 

No matter where you are in your journey, we've got something exciting for you. We're bringing you three new videos from our top freelancer, Matt Starky. These videos are packed with valuable tips and tricks that will benefit both beginners and those who already have 50 projects under their belts. Matt shares his proven strategies to win projects, even if you lack certain skills.

 

By incorporating some of these methods into your own routine for winning projects, you'll be on the fast track to becoming your own boss as a freelancer",spam
Hello lun New message from PhebeHotHoney,"Adult Dating

Discover the best site for singles looking for love!

??
I hope you're the right person I'm looking for, because since I've become single I miss the company of a man in my bed.
",spam
"Sathya!, welcome to Snapchat+!","As a Snapchat+ subscriber, you now have access to exclusive features that'll allow you to experience Snapchat in a whole new way.

Your monthly Snapchat+ plan is set to renew on July 6, 2023 UTC. Payment will automatically be charged to your Play Store account every 1 month unless you cancel before the renewal date.

You can cancel or change your subscription anytime by going to your Play Store settings.

Snapchat+ Subscription Terms apply https://www.snap.com/terms/snapchatplus. If the cost of your plan changes in the future, you'll be notified in advance.

Start making the most of your Snapchat+ subscription today!",not spam
English,Just wanted to make,spam
"If coding in C++ is so extremely hard, why do we have so many PlayStation and Nintend...?","TOP STORIES FOR VIRA

Quora
?
If coding in C++ is so extremely hard, why do we have so many PlayStation and Nintendo video games and many computer programs that are coded in C++ if it is so hard for our brains to learn?
Andrew McGregor, Performance Measurement Lead at Fastly (2019-present) • Answered January 9, 2021

C++ is moderately hard, it is true. But making a high-end game is really, really hard. Much harder than any programming language. With any large application, the problem is t... Read more »
Upvote 
1.6K

Comment 
55

?
They say C is an unsafe language. As a beginner in C programming (say I only have experience in Python), what are some things I should avoid when using C, such as bad habits or dangerous code/syntax?
Asked in C Programmers • Answered by Manuel Mateo • April 2

Always set pointers to null after freeing them
Always check if pointers are null
Prefer the number-capped versions of functions (strncpy vs strcpy and others)
Never trust user...
Read more »
Upvote 
37

Comment 
12


?
How do I solve x^2 = 16^x?
Philip Lloyd, Specialist Calculus Teacher, Motivator and Baroque Trumpet Soloist. • Answered May 19

There is no basic algebra to make “x” the subject of equations like this. I recommend drawing the graphs of y = x^2 and y = 16^x and find where they cross! Clearly there is o... Read more »
Upvote 
65

Comment 
17

?
Is Robert Downey Jr. a jerk in real life?
Gretchen Bohnam • Updated March 14, 2020

I was behind him in line once at a coffee shop in L.A. I’m a huge fan but I didn’t want to bother him so I didn’t say anything to him. He was very friendly/polite to the st... Read more »
Upvote 
27.8K

Comment 
416

?
What zodiac sign is most manipulative?
Nidhi Astro | Top Vedic Astrologer, Vedic Astrologer, Healer, & Spiritualist • Answered March 8

5 rising signs - manipulators: how to identify people who play a double game in the horoscope There are planets in the natal chart that are responsible for the ability to ma... Read more »
Upvote 
775

?
If P ? NP, then what problems can be solved in polynomial time?
Alon Amit, CS degree and a Ph.D. in mathematics. • Answered June 9

All problems in P can be solved in polynomial time. This is true whether or not P=NP. If P[math]\ne[/math]NP, it’s still true that all problems in P can be solved in polynomial time. The... Read more »
Upvote 
118

Comment 
13

?
Was Elvis Presley racist?
Jonathan Peck, A.S Interdisciplinary Studies, Athens Technical College (2022) • Answered March 30, 2018

My dad once told me a story about Elvis Presley. It was that one day, Elvis was at a market or shopping center and saw an old black woman struggling to carry groceries. Elv... Read more »
Upvote 
20.9K

Comment 
2.5K

?
How should I prepare Gs for SSC CGL 2023?
Shiv Singh, Divisional Accountant (2023-present) • Answered June 27

Do only two things 1. PYQ since 2018 (all topics from all ssc exams) 2.Speedy/ other monthly magazines for Current affairs(last 1 year) if you are good at it you will be getti... Read more »
Upvote 
23

Comment 
2

?
What is proof for you that karma exists?
Asked in One place-1 • Answered by Gaurav Gupta • June 29

The suicide bomber who died alone. In 2016, Abdullahi Abdisalam Borleh was a suicide bomber with a laptop full of explosives who boarded a plane from Somalia, Daallo Airline... Read more »
Upvote 
7.4K

Comment 
161

?
Why do truckers hate Swift so much?
Jim Lee, Long-haul Truck Driver (2009-present) • Answered September 6, 2018

Oh, there’s a few reasons. But one that a lot of veteran drivers will focus on doesn’t involve only Swift: What a lot of people don’t realize about truck driving is that it’... Read more »
Upvote 
4.9K

Comment 
327

?
What is one example of honesty that you will remember for years to come?
Asked in World of experiences • Answered by Himanshu Tiwari • June 29

Ritesh Saxena, a business leader, came home from work to find his younger daughter waiting to show him her exam assessment results. She ran to her father and showed him her... Read more »
Upvote 
548

Comment 
18

?
Is learning C++ easy if I know C?
Kurt Guntheroth, Software Engineer and Writer • Answered May 1

C++ is what’s called a multi-paradigm language. Those paradigms are (currently) imperative, generic, functional, and object-oriented. If you know C, you can tick “imperativ... Read more »
Upvote 
93

Comment 
14

Read more in your feed
Never miss a story. Designed for readers on the go.
?
Download on the App StoreGet it on Google Play
?
Missing out on Quora emails? Be sure to add us to your primary inbox.
This email was sent by Quora (605 Castro Street, Mountain View, CA 94041).
If you don't want to receive this type of email in the future, please unsubscribe.
https://www.quora.com
",not spam
Limited offer. Hurry up!,"
Less than $1 for any of our 214 million amazing stock photos and illustrations. Now that’s a deal you can’t refuse.

Prices are in USD.",spam
Reply to your CPX Research Ticket!238212,"Hello Sathya Narayanan,

Our Team reply to your Ticket from 2023-06-17 07:05:04. To see the reply please click here:

https://offers.cpx-research.com/ticket.php?tid=238212&hash=SHMykfq0usB8LLuAp635Y67LR1yIGCSIqwn8BUT5GcoZNQn69QQUaBrgpbmrcblui34exLAzIlz6ks4ebBXPdYyOIZNXnHipRSlU2wCTVp8AcVAQaYVm0ul0yCCAGA3QjJw7rbrMhQyU0uPL2XdmQ

Your CPX Research Customer Happiness Team
PS: Always read and answer surveys careful, there might be hidden test questions checking if you pay attention. Also if youre replying too fast, some partners will not pay your reward. tickethash=SHMykfq0usB8LLuAp635Y67LR1yIGCSIqwn8BUT5GcoZNQn69QQUaBrgpbmrcblui34exLAzIlz6ks4ebBXPdYyOIZNXnHipRSlU2wCTVp8AcVAQaYVm0ul0yCCAGA3QjJw7rbrMhQyU0uPL2XdmQ=tickethash
",not spam
Get the Competitive Edge: ?? Project-Winning Strategies Revealed,"Hi rehan

 

We're just over halfway through the year and we thought we'd check in on how things are going for you.

 

Have you been successful in winning projects and earning more compared to last year? Or are you still working towards that first big win?

 

No matter where you are in your journey, we've got something exciting for you. We're bringing you three new videos from our top freelancer, Matt Starky. These videos are packed with valuable tips and tricks that will benefit both beginners and those who already have 50 projects under their belts. Matt shares his proven strategies to win projects, even if you lack certain skills.

 

By incorporating some of these methods into your own routine for winning projects, you'll be on the fast track to becoming your own boss as a freelancer.",spam
The Last Call!,"Dear Customer,

As the tax season comes to a close, this is the final call to file your 2022 tax returns.

There are only a few hours left.

Take immediate action and file now before the deadline expires.

Log on to itax.kra.go.ke NOW! Kumbuka kufile returns ni rahisi kuliko kufanya project za CBC.

Deadline to file is today, 30th June 2023.

We are here to serve you, call us on: 020 4 999 999 or 0711 099 999 or email: callcentre@kra.go.ke

If you have filed your returns, kindly ignore this message.

Thank you for your attention and cooperation. We wish you a successful completion of your tax filing obligation.",spam
"John, here’s a discount for your next safe rides ??","Bolt rides are not only affordable, but they also come with a number of safety features. 

 

Here are some of the things we do to ensure your safety:

We train our drivers and verify their identity;
Our app has ‘Share your ETA’ and emergency assist buttons;
We use rider feedback to improve future journeys.
Learn all about Bolt’s safety measures here.

OPEN THE APP

Safe travels! ??

The Bolt team

N.B. This is a limited-time offer that you can use from 2023-07-18 until 2023-07-24 in Nairobi, Kenya. More information in the app. Discount is valid for up to 250 KES per trip.",spam
Meeting with Walid TOMORROW,"Hello Walid,

Our Zoom call meeting is tomorrow - Thursday, July 20th at 3pm EST (New York time).

Register for your free space here

It's called ""Money While You Sleep"".

You'll learn how it's possible to earn an income, automatically, 24 hours a day (yes, even while you sleep!).

The host will reveal this little-known, almost secret, side hustle income which is enabling ordinary people - just like you and me - to make $5000+ per month from working just 3-4 hours per week.

The host will explain, step-by-step, how you can easily ""clone"" this simple yet highly profitable side hustle for yourself.

- No experience or special skills needed
- Quick and easy to get up and running
- All you need is internet access

Due to technical limitations, only a certain number of participants can attend. So if you'd like to attend this special Zoom call (it's FREE), then click the link below.

Register for your free space here

Regards,

Alex",spam
Affordable American MBA degree ($180month),"Today more than ever you need to upskill and reskill as the global job market gets increasingly competitive. We hope these payment options will bring down any barriers standing in your way. Nexford prides itself on being the most affordable American university in the world.

The Nexford academic model allows you to finish as fast as you want, and the faster you finish, the less you pay. Our tuition fees are calculated monthly ($180/month for an MBA), so the faster you complete your degree the less the degree will cost you. Most students complete our MBA in an average of 18 months (average total cost $3,240). Some completed in 12 to 14 months.

Specialize in the world's hottest sectors like AI, Data Science, Cybersecurity, E-Commerce, etc. Upon graduation, you'll walk away with a specialization certificate on top of your Master's in Business Administration (MBA) degree.  

To find out more about applying to Nexford University, or anything else, sign up and we will be in touch with you.

Nexford University is accredited by the Distance Education Accrediting Commission (DEAC). The DEAC is listed by the U.S. Department of Education as a recognized accrediting agency and is recognized by the Council for Higher Education Accreditation (CHEA)

So what are you waiting for? Join a next-generation university today.",spam
Q2 Markets and Products Updates,"Kenya's macroeconomic condition still remains challenging due to ongoing inflationary pressures and the shilling's continuous depreciation.

Join Our analysts, Samuel Ochieng and Kevin Wekesa, on Monday, July 10, 2023 from 10am to 11am, for a discussion on the current state and outlook of the economy, market performance, and various products offered by Cytonn Investments that address various investment needs.

Link: cytonn.com/onlinetraining

Should you have any questions kindly email clientservices@cytonn.com or call us 24/7 on 0709101200.

Kind Regards,

Cytonn Asset Managers





Best Regards,
 
Cytonn Client Services Team",not spam
Time is of the Essence!,"Dear Customer,

The 2022 filing season is almost coming to an end.

As of today, you only have 8 DAYS left to file your income tax returns.

If you have not yet started the filing process, now is the time to begin.

Log on to itax.kra.go.ke today! Kumbuka kufile returns ni rahisi kuliko kucommute kukinyesha!

Deadline to file is 30th June 2023

For any specific questions or concerns, don't hesitate to reach us on:

020 4 999 999 or 0711 099 999 or email: callcentre@kra.go.ke

If you have filed your returns, kindly ignore this message.",spam
Your Kilimall Account is Ready - Shopping Now!,"Dear Customer,

Welcome to Kilimall, Thanks so much for joining us.

Kilimall is Africa's largest online shopping mall. We launched in July 2014 and our mission is to become the best E-commerce platform in Africa. We serve a retail customer base that continues to grow exponentially, offering products that span various categories including Phones, Computers, Clothing, Shoes, Home Appliances, Books, healthcare, Baby Products, personal care and much more.

Shop Now",not spam
You've Earned a Reward from Bard Explorers India,"You've received a gift!
Sign in to your Bard Explorers India community
Click the member icon at the top of any page to visit your Member Profile Page
Your earned gift will appear on that page
Follow the instructions provided in the community to redeem
Please act quickly to redeem. For your protection, gift links expire after 90 days.

See you online!

Go to Bard Explorers India
If you have questions about your gift, please reach out to our fulfillment company at support@virtualrewardcenter.com
",not spam
"Linton, take the next step on your Windows device by confirming your Google Account settings","Thanks for signing into Google on your Windows device.
Please confirm your Google Account settings are still right for you.

Complete the Privacy Checkup
This step-by-step guide helps you choose the privacy settings that are right for you.
Complete

Complete the Security Checkup
The Security Checkup gives you personalised recommendations to secure your account.",not spam
?? Your GitHub launch code,"Here's your GitHub launch code, @Mortyj420!
 
an octocat standing next to a rocket
 Continue signing up for GitHub by entering the code below:
 63024610
 
Open GitHub",not spam
Update: New Twitch Account Linked,"Dear denis:

Your Amazon account: denis.supermen888@gmail.com has been linked to the Twitch account: fanat_papicha_nomer_1.

If you did not initiate the link to a Twitch account, someone else may be trying to access your account.

If you suspect someone else may be attempting to access your account, please:

Go to Amazon.com and change your password as soon as possible.
To remove the link between Amazon and Twitch accounts, visit Manage Twitch Account Settings.
Thanks for helping us maintain the security of your account. Amazon Support

Note: this email address cannot accept incoming email. Please do not reply to this message, contact us here.

Support | Privacy Policy
Copyright © 2016 Amazon.com. All rights reserved.",not spam
"SFI Weekly News (July 17, 2023)","Greetings from SFI...let's keep building something great!

IMPORTANT! If you haven't checked out our MAJOR re-shaping of the SFI Affiliate Program, read Gery's detailed announcement now:

https://www.sfimg.com/forum/thread?id=240777

------------------------------------------------------------------------------------------------------------


NEW GENEALOGY FEATURES

1. To make doing mailings to your PSAs and CSAs super easy, we've added small envelope icons to the Genealogy Summary panel.

• To send a group mailing to your PSAs, just click the envelope icon beside your PSAs.

• To send a group mailing to your CSAs, click the envelope icon beside your CSAs. NOTE: Minimum rank of Gold Builder required to use the CSA Mailer.

2. With the new system, focus should primarily be on those currently IN the Share-Tech™ network. Hence, effective shortly, when you go to the Genealogy, it will, by default, display the CONDENSED version. The Condensed version will now display ONLY EAs (from previous month and current month) + affiliates who are still in their free 30-day trial window (i.e. those in the Share-Tech™ network). If you wish to see ALL your affiliates—including those who've forfeited their Share-Tech™ position,—just click on the FULL version Genealogy link.

3. If you had any POAs, they are now being converted to PSAs.

Even more features and modifications to make the Genealogy as easy to use as possible are coming soon.",spam
Quotation for a tombstone ,"Good day

I would like to request for a quotation for a tombstone. I have attached a screenshot of the tombstones I like. I would like separate quotations for SI43 and SI44, including transportation from Bloemfontein to Aliwal North. 

I also wanted to ask whether you guys do the full ledger tombstones that look like houses, with aluminium windows.

Warm Regards,
Zandi Tamane",not spam
Updates to Google Play Terms of Service,"On March 15, 2023, we’re making some changes to our Google Play Terms of Service. These changes make it easier for you to understand what to expect from Google Play as you use our services.
You can review the new terms here. At a glance, here’s what this update means for you:
• Increased clarity and certainty: We changed some language in the Updates section to clarify and make clearer what to expect.
• Improved readability: While our terms remain a legal document, we’ve done our best to make them easier to understand.
If you use Family Link to manage a Google Account for someone else, please take some time to talk to them about these changes.
Thank you for using Google Play!
© 2023 Google LLC, 1600 Amphitheatre Parkway, Mountain View, CA, 94043
You have received this mandatory email service announcement to update you about important changes to the Google Play Terms of Service.",not spam
June 2023 Account Statement ,"Dear Mr. UZOCHUKWU JOSEPH EZE,

Your statement of account for June 2023 is now available (see attached).

Please note that the password required to access your account statement(s) is your default (main) account number.


For any feedback or enquiries, please call our multilingual Contact Center on 01-2712005-7 or send an email to contactcenter@accessbankplc.com

Thank you for choosing Access Bank


You can still register for your Bank Verification Number (BVN) at all our branches in Lagos, Abuja, Port Harcourt and other Access Bank Branches across the country. Please visit our website www.accessbankplc.com for a full list of our enrolment centers

Click here to unsubscribe  ",not spam
Flowing with the markets,"Welcome to our second weekly newsletter.

 

This week’s edition:

??The featured instruments are Indices

? Traders pop quiz

??? Latest podcast episodes 

?? Free classes sign up

?? Links to even more online resources

This week's featured instruments - Indices

 

This week we focus on Index instruments that have blown the charts in the last couple of months. Traders usually diversify their holdings on currency instruments with commodities, stocks and Index instruments. Index instruments include a basket of stocks picked based on the sector, capitalization, or regions. Major Indices from renowned global markets offered at FXPesa include Nasdaq (UT100), Standards and Poor 500 (US500) and Dow Jones (US30) traded at NYSE.

 

S&P500 has been rising since the beginning of the year with more than 15%, as well as Nasdaq pumping to above 30%. The two indices prove the adage that time in the market surpasses timing the market. Recent moves will show fluctuations, but long-term trend shows consistent gains in indices.",spam
Notification ,"Sir, this is to notify you that our shipment has arrived the office ",not spam
HOW TO CANCEL UIF REGISTRATION ,"Dear Sir/ Madam

I would like to enquire about the cancellation of the UIF for employees.
I worked at a retail shop in 2020 to 2021 as a casual and I have found out I have been registered without my knowledge.

I have been unemployed since February 2021 and now I want to cancel the UIF.
 
I would really appreciate your assistance in this regard.

Yours sincerely
Reshoketswe Sekhukhune ",not spam
What is it like to have a six pack?,"
?
TOP STORIES FOR VIRA

Quora
?
What is it like to have a six pack?
Ruban Mathivanan, studied at SRM Easwari Engineering College • Answered April 24, 2018

SICK!!!!!!!!! No one here seems to be telling the ugly truth of the other side. Oh sure, six pack abs has got its own perks but let me tell you the downside of it. Firstly da... Read more »
Upvote 
1.3K

Comment 
461

?
Is learning C++ easy if I know C?
Kurt Guntheroth, Software Engineer and Writer • Answered May 1

C++ is what’s called a multi-paradigm language. Those paradigms are (currently) imperative, generic, functional, and object-oriented. If you know C, you can tick “imperativ... Read more »
Upvote 
92

Comment 
14",not spam
Order Confirmation for Maliek from Chanello's Pizza,"DoorDash Neighborhood of Good
THANKS FOR YOUR ORDER, MALIEK


The estimated delivery time for your order is 9:19 PM - 9:31 PM. Track your order in the DoorDash app or website.

Track Your Order
Paid with Visa Ending in 8680 and/or credits
Chanello's Pizza
Total: $32.13

YOUR RECEIPT
940 Gates Ave, Norfolk, VA 23517, USA

Estimated Total

$32.13

View Full Receipt
Get Order Help
REVIEW THIS STORE

Share your thoughts on your order with fellow customers and Chanello's Pizza.

11 22 33 44 55
DoorDash
Download the app
Download 
the app
Shop Gift Cards
Shop 
Gift Cards
Refer and Earn Credit
Refer and 
Earn Credit
Deliver with DoorDash
Deliver with 
DoorDash
©2023 DoorDash Inc. 
303 2nd Street, South Tower, Suite 800 
San Francisco, CA 94107
Privacy Policy
fb tw ig blog
Help Center | View email in browser
Prop 65 Restaurant WARNING

Prop 65 Alcohol WARNING. Drinking distilled spirits, beer, coolers, wine, and other alcoholic beverages may increase cancer risk, and, during pregnancy, can cause birth defects.  For more information go to www.P65Warnings.ca.gov/alcohol.

Prop 65 BPA WARNING
",not spam
Style with Denim,"Comfortable & Durable
Love, Bonito
NEW IN  BESTSELLERS

Just the thing for every kind of personality there is. Time to shine in this wardrobe classic.
SHOP DENIM
Here’s How to Style Denim
Model-off-duty look: Denim Jeans + White Top
Elevate your look instantly by layering on a blazer or matching the outfit to a pair of heels.



GET THE LOOK
Fuss-free pairing: Denim + different fabric
Denim works with just about any fabric, pattern or texture.


PICK YOUR PAIRING
Contrast with colour: Denim + pop of colour
Think electric blue, vibrant red, sunny yellow, hot pink, or emerald green.


ADD TO CART
Or go full on denim
Complete with sneakers or heels, depending on the occasion.


MAKE YOUR STATEMENT
ABOUT US
STORES
PROMOTIONS
FAQ
fb  ig  yt
Love, Bonito is a registered trademark of LOVEBONITO HOLDINGS PTE LTD. You are receiving this email because you subscribed or opted in at our website. We’d hate to see you go, but you can unsubscribe at anytime here.

Have trouble viewing this email? Click here.

",spam
Congratulations! You have been selected for a special scholarship from Unicaf ,"Dear Joseph Alex Eze
 
We are pleased to inform you that as part of Unicaf’s 10-year anniversary, you have been selected for a special scholarship which will allow you to study towards a British Master’s degree of your choice for only ?1,950.
 
We are excited to have you join us and believe that this program will provide you with the skills and knowledge you need to succeed in your chosen field. More than 90% of our graduates are in employment or have earned a higher salary.
 
We believe that this opportunity will allow you to pursue your educational goals without the financial burden that accompanies a Master's degree programme. We encourage you to take advantage of this offer and join us in the pursuit of knowledge and academic excellence by replying to this email.
 
To take advantage of this offer please quote to your Adviser the code NG1950.
 
 
Sincerely,
Olusegun Onyinyechi
Your Scholarship Adviser ",not spam
Update on your application at Lemon Recruiting.,"Dear John Ondieki Motachwa,

Thank you for your application as Image Labeler / Data Annotator, 60-100%, Kenya (Remote).

Unfortunately, your profile does not optimally match the advertised position. We wish you all the best and every success in your job search!

Best regards

Alain Mazenauer
Lemon Recruiting",not spam
